"","customer","Recency","Frequency","Monetary","RFM_Score","segment"
"6","1005",12,17,450287,555,"Active"
"32","1031",7,19,455103,555,"Active"
"57","1056",23,17,379812,555,"Active"
"92","1091",13,18,446428,555,"Active"
"125","1124",17,19,537979,555,"Active"
"164","1163",7,17,399924,555,"Active"
"169","1168",6,18,446827,555,"Active"
"197","1196",23,17,419706,555,"Active"
"262","1261",20,18,491400,555,"Active"
"279","1278",28,17,415589,555,"Active"
"310","1309",9,17,418343,555,"Active"
"355","1354",30,18,436542,555,"Active"
"450","1449",10,20,468612,555,"Active"
"485","1484",17,17,422033,555,"Active"
"590","1589",16,17,424192,555,"Active"
"672","1671",34,19,483900,555,"Active"
"674","1673",12,17,431410,555,"Active"
"802","1801",7,17,401533,555,"Active"
"946","1945",11,19,440139,555,"Active"
"997","1996",8,17,435601,555,"Active"
"35","1034",25,15,331255,545,"Active"
"51","1050",35,15,409751,545,"Active"
"66","1065",17,14,340406,545,"Active"
"71","1070",6,13,336462,545,"Active"
"83","1082",10,13,344432,545,"Active"
"84","1083",35,13,368190,545,"Active"
"87","1086",15,13,354533,545,"Active"
"104","1103",31,14,347031,545,"Active"
"106","1105",17,16,390667,545,"Active"
"119","1118",7,14,366776,545,"Active"
"132","1131",14,15,358110,545,"Active"
"159","1158",12,13,343331,545,"Active"
"166","1165",10,13,339255,545,"Active"
"170","1169",27,14,343320,545,"Active"
"173","1172",9,16,418812,545,"Active"
"174","1173",17,15,363344,545,"Active"
"180","1179",26,14,355576,545,"Active"
"181","1180",18,13,344359,545,"Active"
"186","1185",6,13,344231,545,"Active"
"192","1191",31,15,358633,545,"Active"
"214","1213",8,16,391356,545,"Active"
"232","1231",20,14,337792,545,"Active"
"239","1238",32,16,429780,545,"Active"
"248","1247",25,14,351731,545,"Active"
"249","1248",25,15,386317,545,"Active"
"252","1251",34,14,338632,545,"Active"
"264","1263",23,14,357970,545,"Active"
"273","1272",6,13,333738,545,"Active"
"274","1273",14,15,359062,545,"Active"
"277","1276",21,14,359758,545,"Active"
"281","1280",14,16,377026,545,"Active"
"282","1281",22,15,384181,545,"Active"
"284","1283",35,14,335120,545,"Active"
"289","1288",25,14,358826,545,"Active"
"317","1316",7,14,360801,545,"Active"
"324","1323",13,15,376340,545,"Active"
"329","1328",12,15,376755,545,"Active"
"332","1331",10,13,338431,545,"Active"
"333","1332",8,13,377315,545,"Active"
"337","1336",28,14,336974,545,"Active"
"345","1344",16,14,358282,545,"Active"
"356","1355",17,16,401080,545,"Active"
"366","1365",8,14,344133,545,"Active"
"370","1369",30,14,353942,545,"Active"
"373","1372",6,15,393021,545,"Active"
"403","1402",15,16,401621,545,"Active"
"429","1428",28,15,378586,545,"Active"
"436","1435",11,16,388387,545,"Active"
"443","1442",13,15,384742,545,"Active"
"452","1451",30,13,317261,545,"Active"
"464","1463",12,16,453253,545,"Active"
"465","1464",26,15,385541,545,"Active"
"498","1497",9,15,358740,545,"Active"
"503","1502",10,14,346190,545,"Active"
"514","1513",18,15,389688,545,"Active"
"532","1531",35,16,423491,545,"Active"
"535","1534",7,14,334404,545,"Active"
"542","1541",34,15,373797,545,"Active"
"553","1552",30,13,351425,545,"Active"
"559","1558",35,15,379196,545,"Active"
"566","1565",14,13,322141,545,"Active"
"568","1567",10,14,356216,545,"Active"
"575","1574",11,14,358139,545,"Active"
"587","1586",29,13,335487,545,"Active"
"601","1600",25,15,397402,545,"Active"
"614","1613",16,15,389241,545,"Active"
"630","1629",28,14,393066,545,"Active"
"637","1636",6,14,375861,545,"Active"
"655","1654",20,16,383235,545,"Active"
"664","1663",18,14,348591,545,"Active"
"685","1684",7,15,374117,545,"Active"
"697","1696",22,14,319639,545,"Active"
"705","1704",6,15,349605,545,"Active"
"738","1737",10,15,387864,545,"Active"
"745","1744",17,14,320333,545,"Active"
"756","1755",29,15,383440,545,"Active"
"764","1763",33,13,337843,545,"Active"
"771","1770",25,15,420120,545,"Active"
"787","1786",14,15,371532,545,"Active"
"872","1871",28,14,384445,545,"Active"
"875","1874",6,13,347047,545,"Active"
"883","1882",9,14,350935,545,"Active"
"889","1888",15,13,334197,545,"Active"
"892","1891",11,14,347317,545,"Active"
"899","1898",6,15,386811,545,"Active"
"903","1902",8,13,316261,545,"Active"
"905","1904",13,15,384557,545,"Active"
"909","1908",18,16,431520,545,"Active"
"913","1912",14,15,399066,545,"Active"
"945","1944",29,14,362844,545,"Active"
"953","1952",23,14,353976,545,"Active"
"964","1963",27,14,376909,545,"Active"
"967","1966",10,14,335904,545,"Active"
"983","1982",11,13,330039,545,"Active"
"987","1986",23,13,324762,545,"Active"
"8","1007",6,13,292007,544,"Active"
"120","1119",12,13,305115,544,"Active"
"194","1193",33,13,292834,544,"Active"
"227","1226",13,13,306673,544,"Active"
"454","1453",19,14,313727,544,"Active"
"625","1624",15,13,311867,544,"Active"
"646","1645",19,13,295133,544,"Active"
"692","1691",15,13,281382,544,"Active"
"730","1729",10,14,313250,544,"Active"
"818","1817",6,13,303246,544,"Active"
"830","1829",14,13,291678,544,"Active"
"895","1894",7,13,295852,544,"Active"
"38","1037",7,12,320472,535,"Active"
"145","1144",18,12,316065,535,"Active"
"351","1350",34,12,316536,535,"Active"
"392","1391",13,12,326831,535,"Active"
"407","1406",21,12,318165,535,"Active"
"424","1423",33,12,318032,535,"Active"
"493","1492",8,12,317546,535,"Active"
"567","1566",21,12,342284,535,"Active"
"586","1585",21,12,316941,535,"Active"
"662","1661",18,12,315385,535,"Active"
"667","1666",14,12,315850,535,"Active"
"669","1668",21,12,320178,535,"Active"
"1","1000",19,11,275652,534,"Active"
"18","1017",20,12,282748,534,"Active"
"22","1021",7,11,267778,534,"Active"
"31","1030",12,12,298720,534,"Active"
"42","1041",30,12,290145,534,"Active"
"75","1074",17,12,286847,534,"Active"
"80","1079",19,12,281617,534,"Active"
"90","1089",23,11,293579,534,"Active"
"96","1095",14,11,292408,534,"Active"
"99","1098",29,11,272133,534,"Active"
"101","1100",20,12,311531,534,"Active"
"133","1132",14,12,293030,534,"Active"
"134","1133",19,11,305639,534,"Active"
"135","1134",19,11,288207,534,"Active"
"163","1162",18,11,278594,534,"Active"
"165","1164",9,12,295456,534,"Active"
"177","1176",23,12,285562,534,"Active"
"191","1190",6,12,292812,534,"Active"
"198","1197",9,12,279053,534,"Active"
"199","1198",21,12,281874,534,"Active"
"210","1209",30,12,306234,534,"Active"
"218","1217",28,11,284064,534,"Active"
"221","1220",19,12,269227,534,"Active"
"222","1221",21,12,295377,534,"Active"
"243","1242",7,11,286189,534,"Active"
"244","1243",6,11,278449,534,"Active"
"246","1245",12,12,278552,534,"Active"
"296","1295",24,11,299847,534,"Active"
"304","1303",18,12,307523,534,"Active"
"307","1306",12,11,275150,534,"Active"
"318","1317",22,10,287894,534,"Active"
"371","1370",15,12,313584,534,"Active"
"380","1379",22,11,276530,534,"Active"
"385","1384",18,11,269371,534,"Active"
"386","1385",34,11,303075,534,"Active"
"388","1387",30,10,270281,534,"Active"
"396","1395",13,11,305622,534,"Active"
"411","1410",18,12,286291,534,"Active"
"435","1434",10,12,278798,534,"Active"
"447","1446",7,11,300563,534,"Active"
"448","1447",18,12,290761,534,"Active"
"463","1462",21,12,294431,534,"Active"
"510","1509",30,11,278494,534,"Active"
"516","1515",18,11,285679,534,"Active"
"521","1520",11,10,278520,534,"Active"
"522","1521",10,11,294210,534,"Active"
"529","1528",16,12,272887,534,"Active"
"534","1533",30,11,277317,534,"Active"
"541","1540",7,12,302163,534,"Active"
"548","1547",11,12,287151,534,"Active"
"554","1553",12,12,289641,534,"Active"
"557","1556",16,12,303547,534,"Active"
"560","1559",33,12,279535,534,"Active"
"562","1561",27,12,293654,534,"Active"
"565","1564",9,11,292927,534,"Active"
"580","1579",19,11,286939,534,"Active"
"602","1601",9,12,289685,534,"Active"
"616","1615",27,12,308514,534,"Active"
"624","1623",11,11,287788,534,"Active"
"638","1637",17,10,269428,534,"Active"
"644","1643",14,12,283515,534,"Active"
"649","1648",35,10,275577,534,"Active"
"658","1657",8,12,283394,534,"Active"
"660","1659",11,11,302834,534,"Active"
"663","1662",31,11,285384,534,"Active"
"665","1664",8,11,273195,534,"Active"
"689","1688",13,12,307406,534,"Active"
"695","1694",14,10,274930,534,"Active"
"699","1698",28,12,293198,534,"Active"
"708","1707",35,11,284919,534,"Active"
"710","1709",11,12,282374,534,"Active"
"715","1714",32,11,287629,534,"Active"
"733","1732",13,12,274945,534,"Active"
"735","1734",18,11,288858,534,"Active"
"737","1736",20,12,299639,534,"Active"
"739","1738",17,11,283310,534,"Active"
"743","1742",9,11,276958,534,"Active"
"749","1748",9,10,271542,534,"Active"
"750","1749",8,12,277010,534,"Active"
"752","1751",18,12,308881,534,"Active"
"753","1752",15,11,272282,534,"Active"
"768","1767",33,11,285459,534,"Active"
"773","1772",10,12,314743,534,"Active"
"780","1779",26,12,297759,534,"Active"
"786","1785",12,11,283793,534,"Active"
"792","1791",32,11,270430,534,"Active"
"793","1792",21,12,294180,534,"Active"
"795","1794",8,12,298157,534,"Active"
"796","1795",33,12,300143,534,"Active"
"805","1804",9,11,266656,534,"Active"
"829","1828",23,12,310109,534,"Active"
"851","1850",8,11,302862,534,"Active"
"870","1869",8,11,271970,534,"Active"
"885","1884",8,10,273690,534,"Active"
"904","1903",16,12,283570,534,"Active"
"917","1916",10,12,283722,534,"Active"
"918","1917",30,11,274762,534,"Active"
"929","1928",27,12,293705,534,"Active"
"935","1934",25,12,289085,534,"Active"
"939","1938",21,11,269811,534,"Active"
"952","1951",13,11,283603,534,"Active"
"954","1953",23,11,265663,534,"Active"
"960","1959",19,11,273034,534,"Active"
"972","1971",24,11,276801,534,"Active"
"974","1973",31,11,303978,534,"Active"
"978","1977",11,12,298813,534,"Active"
"984","1983",13,12,296559,534,"Active"
"998","1997",7,11,267586,534,"Active"
"5","1004",33,10,234550,533,"Active"
"16","1015",26,10,247617,533,"Active"
"24","1023",11,11,257756,533,"Active"
"48","1047",13,10,239563,533,"Active"
"60","1059",15,10,259995,533,"Active"
"74","1073",9,11,259193,533,"Active"
"85","1084",11,11,257604,533,"Active"
"88","1087",25,10,263556,533,"Active"
"95","1094",6,11,261563,533,"Active"
"105","1104",18,10,260204,533,"Active"
"107","1106",32,11,246679,533,"Active"
"121","1120",12,10,257720,533,"Active"
"138","1137",10,10,236892,533,"Active"
"139","1138",19,10,234620,533,"Active"
"150","1149",14,11,262276,533,"Active"
"155","1154",15,12,265268,533,"Active"
"179","1178",23,10,258658,533,"Active"
"217","1216",17,10,253053,533,"Active"
"224","1223",21,10,227813,533,"Active"
"251","1250",17,10,243153,533,"Active"
"255","1254",11,10,247529,533,"Active"
"286","1285",7,10,259336,533,"Active"
"288","1287",16,10,265359,533,"Active"
"294","1293",22,10,237842,533,"Active"
"321","1320",7,10,259220,533,"Active"
"327","1326",6,10,231797,533,"Active"
"328","1327",17,10,229942,533,"Active"
"361","1360",11,10,243245,533,"Active"
"363","1362",6,11,243326,533,"Active"
"365","1364",6,11,260219,533,"Active"
"379","1378",35,10,238193,533,"Active"
"381","1380",28,10,232514,533,"Active"
"415","1414",19,11,256594,533,"Active"
"417","1416",30,10,262131,533,"Active"
"422","1421",6,10,250878,533,"Active"
"426","1425",16,10,228878,533,"Active"
"457","1456",32,10,258522,533,"Active"
"472","1471",11,11,264857,533,"Active"
"500","1499",34,10,242688,533,"Active"
"502","1501",11,10,235599,533,"Active"
"509","1508",8,10,228212,533,"Active"
"570","1569",10,10,242822,533,"Active"
"572","1571",18,11,249296,533,"Active"
"578","1577",29,11,238935,533,"Active"
"581","1580",17,10,235433,533,"Active"
"583","1582",7,11,260831,533,"Active"
"609","1608",24,10,250290,533,"Active"
"620","1619",32,10,240324,533,"Active"
"627","1626",10,10,235807,533,"Active"
"628","1627",19,11,252154,533,"Active"
"635","1634",26,10,233097,533,"Active"
"654","1653",13,10,242434,533,"Active"
"691","1690",6,10,233042,533,"Active"
"704","1703",9,10,248368,533,"Active"
"711","1710",23,11,264497,533,"Active"
"712","1711",12,10,250787,533,"Active"
"725","1724",8,10,262190,533,"Active"
"747","1746",8,11,261755,533,"Active"
"775","1774",25,10,258515,533,"Active"
"789","1788",29,10,259437,533,"Active"
"803","1802",6,10,246433,533,"Active"
"810","1809",11,10,247307,533,"Active"
"819","1818",28,12,251514,533,"Active"
"838","1837",11,11,257176,533,"Active"
"841","1840",17,11,262272,533,"Active"
"843","1842",22,10,244273,533,"Active"
"846","1845",7,10,252952,533,"Active"
"852","1851",9,11,261422,533,"Active"
"856","1855",7,11,253949,533,"Active"
"859","1858",7,10,247135,533,"Active"
"863","1862",19,10,241126,533,"Active"
"866","1865",6,11,263243,533,"Active"
"880","1879",7,10,234963,533,"Active"
"919","1918",29,10,265456,533,"Active"
"921","1920",30,10,256693,533,"Active"
"938","1937",9,10,262013,533,"Active"
"995","1994",9,10,248174,533,"Active"
"368","1367",34,10,223809,532,"Active"
"97","1096",12,9,230528,523,"Active"
"148","1147",21,9,237638,523,"Active"
"162","1161",19,9,237698,523,"Active"
"187","1186",18,9,235394,523,"Active"
"190","1189",35,9,247312,523,"Active"
"266","1265",33,9,229297,523,"Active"
"267","1266",21,9,243123,523,"Active"
"303","1302",20,9,246760,523,"Active"
"331","1330",32,9,244502,523,"Active"
"382","1381",32,9,225336,523,"Active"
"406","1405",22,9,228003,523,"Active"
"419","1418",14,9,251412,523,"Active"
"423","1422",7,8,231857,523,"Active"
"481","1480",20,9,244968,523,"Active"
"491","1490",15,9,237175,523,"Active"
"527","1526",7,9,240843,523,"Active"
"540","1539",20,9,226845,523,"Active"
"563","1562",24,9,253357,523,"Active"
"582","1581",24,9,240669,523,"Active"
"589","1588",12,8,233233,523,"Active"
"605","1604",20,9,235704,523,"Active"
"610","1609",16,9,257130,523,"Active"
"621","1620",31,9,237710,523,"Active"
"640","1639",18,9,234468,523,"Active"
"713","1712",30,9,230717,523,"Active"
"781","1780",16,9,244367,523,"Active"
"813","1812",19,9,265414,523,"Active"
"815","1814",16,9,234693,523,"Active"
"881","1880",13,9,243934,523,"Active"
"922","1921",25,9,227432,523,"Active"
"936","1935",29,9,236355,523,"Active"
"947","1946",10,9,247092,523,"Active"
"10","1009",29,9,221095,522,"Active"
"13","1012",33,9,212391,522,"Active"
"21","1020",6,6,179268,522,"Active"
"40","1039",7,8,187164,522,"Active"
"55","1054",20,9,203331,522,"Active"
"62","1061",29,8,199247,522,"Active"
"63","1062",17,9,213289,522,"Active"
"67","1066",20,7,179662,522,"Active"
"93","1092",16,8,222402,522,"Active"
"130","1129",30,8,188993,522,"Active"
"154","1153",23,9,220899,522,"Active"
"160","1159",18,9,211537,522,"Active"
"175","1174",12,9,223985,522,"Active"
"182","1181",21,8,200563,522,"Active"
"205","1204",11,8,204719,522,"Active"
"209","1208",16,7,182653,522,"Active"
"238","1237",35,9,210353,522,"Active"
"242","1241",20,9,210434,522,"Active"
"250","1249",27,8,219381,522,"Active"
"257","1256",32,8,189040,522,"Active"
"270","1269",29,8,183265,522,"Active"
"272","1271",15,8,187210,522,"Active"
"278","1277",32,9,209420,522,"Active"
"280","1279",25,7,185272,522,"Active"
"305","1304",28,9,224068,522,"Active"
"325","1324",27,9,192686,522,"Active"
"341","1340",15,9,200211,522,"Active"
"343","1342",16,8,196773,522,"Active"
"354","1353",34,7,200106,522,"Active"
"358","1357",20,8,209781,522,"Active"
"377","1376",18,8,191197,522,"Active"
"387","1386",15,8,203479,522,"Active"
"390","1389",30,9,222326,522,"Active"
"391","1390",31,8,191129,522,"Active"
"400","1399",24,9,219514,522,"Active"
"405","1404",18,8,202589,522,"Active"
"433","1432",21,9,204575,522,"Active"
"434","1433",17,9,215445,522,"Active"
"437","1436",11,8,213570,522,"Active"
"439","1438",12,9,211655,522,"Active"
"444","1443",10,7,179446,522,"Active"
"470","1469",11,8,216712,522,"Active"
"473","1472",11,8,181175,522,"Active"
"479","1478",17,9,200599,522,"Active"
"513","1512",25,9,220278,522,"Active"
"517","1516",33,7,184118,522,"Active"
"524","1523",7,8,218253,522,"Active"
"569","1568",9,8,201041,522,"Active"
"588","1587",33,8,192786,522,"Active"
"598","1597",35,8,211177,522,"Active"
"615","1614",33,9,225292,522,"Active"
"626","1625",28,9,203119,522,"Active"
"645","1644",32,8,208813,522,"Active"
"648","1647",22,9,222770,522,"Active"
"657","1656",30,8,195573,522,"Active"
"659","1658",31,8,200858,522,"Active"
"661","1660",9,9,201465,522,"Active"
"666","1665",21,8,188950,522,"Active"
"681","1680",28,9,219723,522,"Active"
"693","1692",18,7,180183,522,"Active"
"717","1716",34,8,204393,522,"Active"
"719","1718",33,7,179473,522,"Active"
"728","1727",30,8,187648,522,"Active"
"740","1739",9,9,219745,522,"Active"
"742","1741",33,9,200408,522,"Active"
"744","1743",15,7,189190,522,"Active"
"800","1799",14,8,197350,522,"Active"
"807","1806",32,8,211551,522,"Active"
"816","1815",34,7,198202,522,"Active"
"821","1820",24,7,192483,522,"Active"
"822","1821",27,7,185394,522,"Active"
"825","1824",22,9,221265,522,"Active"
"833","1832",10,9,210604,522,"Active"
"834","1833",35,9,210937,522,"Active"
"835","1834",31,8,181866,522,"Active"
"839","1838",10,8,209204,522,"Active"
"854","1853",15,9,218570,522,"Active"
"855","1854",11,9,222471,522,"Active"
"861","1860",9,7,195527,522,"Active"
"864","1863",9,8,208077,522,"Active"
"865","1864",23,9,215496,522,"Active"
"878","1877",18,9,190572,522,"Active"
"879","1878",21,9,208819,522,"Active"
"887","1886",32,9,211751,522,"Active"
"891","1890",13,8,202192,522,"Active"
"906","1905",13,9,221313,522,"Active"
"912","1911",33,8,187486,522,"Active"
"925","1924",30,7,180911,522,"Active"
"930","1929",19,9,208980,522,"Active"
"942","1941",23,8,199074,522,"Active"
"949","1948",15,7,188609,522,"Active"
"951","1950",19,9,219793,522,"Active"
"969","1968",28,9,221336,522,"Active"
"981","1980",18,8,211767,522,"Active"
"990","1989",8,7,184282,522,"Active"
"992","1991",22,7,179133,522,"Active"
"996","1995",28,8,201123,522,"Active"
"65","1064",19,7,168481,521,"Active"
"81","1080",25,7,150063,521,"Active"
"86","1085",22,7,176518,521,"Active"
"122","1121",19,6,153399,521,"Active"
"124","1123",6,7,164072,521,"Active"
"152","1151",27,7,155967,521,"Active"
"171","1170",18,6,151350,521,"Active"
"188","1187",25,6,133008,521,"Active"
"193","1192",26,7,161314,521,"Active"
"201","1200",6,7,154953,521,"Active"
"223","1222",6,7,169579,521,"Active"
"269","1268",25,7,175281,521,"Active"
"293","1292",6,6,138848,521,"Active"
"311","1310",11,6,153878,521,"Active"
"338","1337",7,7,173680,521,"Active"
"364","1363",13,6,163235,521,"Active"
"394","1393",9,7,176938,521,"Active"
"404","1403",17,6,157248,521,"Active"
"442","1441",16,8,170095,521,"Active"
"455","1454",20,7,168096,521,"Active"
"459","1458",7,6,137296,521,"Active"
"475","1474",35,6,160433,521,"Active"
"477","1476",8,7,146774,521,"Active"
"504","1503",14,7,168794,521,"Active"
"506","1505",12,7,172675,521,"Active"
"531","1530",25,7,157263,521,"Active"
"576","1575",29,7,146330,521,"Active"
"579","1578",29,7,171642,521,"Active"
"596","1595",18,6,137463,521,"Active"
"603","1602",25,7,164744,521,"Active"
"631","1630",24,7,164901,521,"Active"
"639","1638",11,8,177938,521,"Active"
"656","1655",19,6,171526,521,"Active"
"671","1670",9,6,132729,521,"Active"
"703","1702",25,6,143609,521,"Active"
"709","1708",10,6,141652,521,"Active"
"714","1713",8,8,178058,521,"Active"
"716","1715",6,7,169556,521,"Active"
"720","1719",17,6,153029,521,"Active"
"759","1758",17,7,176081,521,"Active"
"761","1760",13,8,177158,521,"Active"
"762","1761",33,6,158160,521,"Active"
"774","1773",20,6,144022,521,"Active"
"776","1775",20,7,159807,521,"Active"
"836","1835",32,6,143968,521,"Active"
"842","1841",18,7,149631,521,"Active"
"849","1848",35,6,163620,521,"Active"
"868","1867",10,7,175450,521,"Active"
"876","1875",26,6,154898,521,"Active"
"888","1887",12,6,137105,521,"Active"
"902","1901",25,7,162265,521,"Active"
"910","1909",19,7,170201,521,"Active"
"911","1910",9,8,169591,521,"Active"
"932","1931",34,7,174020,521,"Active"
"961","1960",16,7,154417,521,"Active"
"966","1965",18,7,176715,521,"Active"
"982","1981",27,7,171520,521,"Active"
"3","1002",26,5,117770,511,"Active"
"19","1018",35,5,137693,511,"Active"
"189","1188",22,5,115655,511,"Active"
"206","1205",28,5,122849,511,"Active"
"225","1224",26,5,135059,511,"Active"
"347","1346",14,5,125511,511,"Active"
"427","1426",8,4,105407,511,"Active"
"556","1555",23,5,122335,511,"Active"
"577","1576",25,5,122494,511,"Active"
"613","1612",19,4,119263,511,"Active"
"688","1687",34,5,124934,511,"Active"
"767","1766",25,5,144545,511,"Active"
"848","1847",20,5,131471,511,"Active"
"948","1947",27,4,123082,511,"Active"
"352","1351",46,17,418329,455,"Active"
"597","1596",50,18,463318,455,"Active"
"611","1610",42,17,435518,455,"Active"
"632","1631",57,18,463669,455,"Active"
"837","1836",53,19,463494,455,"Active"
"901","1900",48,17,426399,455,"Active"
"15","1014",39,13,343973,445,"Active"
"23","1022",65,16,413934,445,"Active"
"25","1024",56,16,393884,445,"Active"
"46","1045",39,15,355496,445,"Active"
"56","1055",47,16,421739,445,"Active"
"76","1075",43,15,392830,445,"Active"
"78","1077",58,16,388490,445,"Active"
"98","1097",38,13,334475,445,"Active"
"103","1102",44,14,376758,445,"Active"
"142","1141",43,14,354876,445,"Active"
"151","1150",63,14,332328,445,"Active"
"203","1202",51,14,327783,445,"Active"
"211","1210",42,13,334199,445,"Active"
"228","1227",63,13,337066,445,"Active"
"231","1230",37,13,326985,445,"Active"
"237","1236",45,15,365000,445,"Active"
"256","1255",57,13,344230,445,"Active"
"290","1289",52,14,329600,445,"Active"
"291","1290",50,14,352795,445,"Active"
"326","1325",49,15,378167,445,"Active"
"376","1375",52,15,377515,445,"Active"
"399","1398",43,13,350816,445,"Active"
"416","1415",46,13,348088,445,"Active"
"432","1431",44,14,370588,445,"Active"
"449","1448",36,13,319069,445,"Active"
"462","1461",37,14,348686,445,"Active"
"482","1481",43,14,363827,445,"Active"
"537","1536",41,13,331764,445,"Active"
"539","1538",42,13,320314,445,"Active"
"593","1592",45,13,319694,445,"Active"
"599","1598",44,15,398222,445,"Active"
"604","1603",55,15,382816,445,"Active"
"606","1605",47,16,405616,445,"Active"
"670","1669",55,13,320973,445,"Active"
"698","1697",46,14,352642,445,"Active"
"707","1706",53,13,326715,445,"Active"
"736","1735",37,14,359968,445,"Active"
"811","1810",57,14,340294,445,"Active"
"814","1813",47,13,335044,445,"Active"
"845","1844",50,15,392622,445,"Active"
"847","1846",36,14,346238,445,"Active"
"886","1885",41,14,393168,445,"Active"
"907","1906",61,14,368610,445,"Active"
"956","1955",64,13,343229,445,"Active"
"968","1967",49,16,435646,445,"Active"
"1000","1999",53,16,389071,445,"Active"
"110","1109",57,13,308903,444,"Active"
"319","1318",36,13,303415,444,"Active"
"494","1493",37,13,310587,444,"Active"
"512","1511",56,13,295880,444,"Active"
"68","1067",43,12,318960,435,"Active"
"342","1341",63,11,326123,435,"Active"
"701","1700",48,12,319671,435,"Active"
"748","1747",47,12,316908,435,"Active"
"20","1019",53,11,281861,434,"Active"
"43","1042",36,11,272219,434,"Active"
"47","1046",47,11,293726,434,"Active"
"52","1051",38,11,273488,434,"Active"
"69","1068",41,12,301398,434,"Active"
"136","1135",50,10,281464,434,"Active"
"137","1136",39,11,280406,434,"Active"
"146","1145",47,12,284532,434,"Active"
"172","1171",44,11,288031,434,"Active"
"176","1175",39,11,294487,434,"Active"
"196","1195",43,12,277797,434,"Active"
"200","1199",61,11,279602,434,"Active"
"208","1207",61,12,308838,434,"Active"
"216","1215",48,11,286120,434,"Active"
"234","1233",50,11,300727,434,"Active"
"240","1239",51,11,280182,434,"Active"
"245","1244",38,11,291958,434,"Active"
"276","1275",44,12,312576,434,"Active"
"283","1282",48,12,309890,434,"Active"
"297","1296",41,11,296699,434,"Active"
"316","1315",37,12,304225,434,"Active"
"359","1358",65,11,299999,434,"Active"
"393","1392",55,11,283965,434,"Active"
"397","1396",60,11,280897,434,"Active"
"425","1424",55,12,293398,434,"Active"
"441","1440",51,11,284136,434,"Active"
"445","1444",59,11,266017,434,"Active"
"511","1510",43,11,285638,434,"Active"
"528","1527",37,10,288910,434,"Active"
"530","1529",63,11,265871,434,"Active"
"552","1551",36,11,281834,434,"Active"
"592","1591",58,11,281492,434,"Active"
"647","1646",39,12,302059,434,"Active"
"650","1649",50,10,273438,434,"Active"
"668","1667",39,11,285854,434,"Active"
"675","1674",42,11,299327,434,"Active"
"679","1678",57,10,275378,434,"Active"
"680","1679",41,11,291822,434,"Active"
"684","1683",51,11,293359,434,"Active"
"690","1689",39,12,301283,434,"Active"
"722","1721",62,11,278687,434,"Active"
"766","1765",53,11,289416,434,"Active"
"779","1778",58,10,266775,434,"Active"
"794","1793",62,12,277918,434,"Active"
"801","1800",51,11,276448,434,"Active"
"809","1808",41,11,273188,434,"Active"
"820","1819",43,12,313899,434,"Active"
"853","1852",56,11,274584,434,"Active"
"857","1856",40,11,276366,434,"Active"
"890","1889",36,12,299313,434,"Active"
"941","1940",52,11,288616,434,"Active"
"971","1970",37,12,310950,434,"Active"
"976","1975",40,12,273528,434,"Active"
"977","1976",46,12,314786,434,"Active"
"986","1985",36,11,271933,434,"Active"
"27","1026",63,10,256047,433,"Active"
"30","1029",54,10,234239,433,"Active"
"41","1040",38,11,262687,433,"Active"
"61","1060",36,10,244295,433,"Active"
"73","1072",45,11,264371,433,"Active"
"100","1099",61,10,252958,433,"Active"
"102","1101",60,10,247674,433,"Active"
"118","1117",47,10,249118,433,"Active"
"126","1125",46,10,228655,433,"Active"
"215","1214",39,10,245531,433,"Active"
"302","1301",52,10,255189,433,"Active"
"350","1349",41,11,262487,433,"Active"
"353","1352",48,10,251341,433,"Active"
"461","1460",65,10,251542,433,"Active"
"486","1485",65,11,260414,433,"Active"
"533","1532",39,10,249309,433,"Active"
"538","1537",49,11,263981,433,"Active"
"543","1542",39,10,240329,433,"Active"
"544","1543",36,10,265438,433,"Active"
"549","1548",64,10,242305,433,"Active"
"574","1573",63,11,253826,433,"Active"
"607","1606",43,10,254901,433,"Active"
"618","1617",52,10,255802,433,"Active"
"652","1651",37,12,263019,433,"Active"
"694","1693",54,10,236070,433,"Active"
"732","1731",51,10,239444,433,"Active"
"757","1756",47,10,235649,433,"Active"
"788","1787",36,10,257374,433,"Active"
"862","1861",47,10,258031,433,"Active"
"926","1925",38,10,256370,433,"Active"
"985","1984",38,10,261351,433,"Active"
"893","1892",65,10,211706,432,"Active"
"933","1932",38,10,218661,432,"Active"
"2","1001",36,9,228485,423,"Active"
"140","1139",53,9,225724,423,"Active"
"168","1167",40,9,225861,423,"Active"
"204","1203",38,8,227691,423,"Active"
"207","1206",53,9,225662,423,"Active"
"212","1211",42,9,231888,423,"Active"
"340","1339",37,9,263515,423,"Active"
"367","1366",41,9,234691,423,"Active"
"383","1382",52,9,226070,423,"Active"
"398","1397",43,9,243598,423,"Active"
"401","1400",41,9,230320,423,"Active"
"420","1419",45,9,240904,423,"Active"
"456","1455",37,9,244802,423,"Active"
"483","1482",37,9,227831,423,"Active"
"519","1518",37,9,231446,423,"Active"
"642","1641",42,9,244598,423,"Active"
"676","1675",58,9,228801,423,"Active"
"706","1705",49,9,234307,423,"Active"
"726","1725",41,9,237605,423,"Active"
"760","1759",47,9,234377,423,"Active"
"765","1764",61,9,246176,423,"Active"
"790","1789",63,9,246708,423,"Active"
"873","1872",46,9,244636,423,"Active"
"882","1881",57,9,225769,423,"Active"
"980","1979",60,8,225466,423,"Active"
"988","1987",65,8,226083,423,"Active"
"17","1016",51,8,199535,422,"Active"
"50","1049",40,7,183077,422,"Active"
"54","1053",54,8,189479,422,"Active"
"131","1130",47,8,182532,422,"Active"
"153","1152",46,8,212420,422,"Active"
"184","1183",36,8,196207,422,"Active"
"195","1194",41,8,205922,422,"Active"
"230","1229",47,9,221688,422,"Active"
"236","1235",45,8,199810,422,"Active"
"253","1252",41,7,179009,422,"Active"
"263","1262",59,9,211476,422,"Active"
"287","1286",41,8,193565,422,"Active"
"308","1307",59,9,209804,422,"Active"
"335","1334",54,7,182800,422,"Active"
"346","1345",36,9,213244,422,"Active"
"384","1383",42,8,188227,422,"Active"
"408","1407",38,8,178208,422,"Active"
"410","1409",44,8,182467,422,"Active"
"430","1429",49,9,207485,422,"Active"
"453","1452",44,8,199522,422,"Active"
"476","1475",63,9,220230,422,"Active"
"490","1489",44,9,223280,422,"Active"
"545","1544",43,8,186020,422,"Active"
"546","1545",47,7,179110,422,"Active"
"550","1549",37,8,179568,422,"Active"
"558","1557",63,9,216152,422,"Active"
"585","1584",49,9,221824,422,"Active"
"591","1590",52,9,200672,422,"Active"
"594","1593",43,8,198005,422,"Active"
"623","1622",55,8,222492,422,"Active"
"678","1677",38,9,208812,422,"Active"
"682","1681",52,8,223118,422,"Active"
"724","1723",54,8,197160,422,"Active"
"727","1726",43,8,190465,422,"Active"
"741","1740",48,8,205333,422,"Active"
"769","1768",42,8,211566,422,"Active"
"777","1776",60,8,209031,422,"Active"
"784","1783",45,8,202314,422,"Active"
"812","1811",46,8,208483,422,"Active"
"827","1826",41,9,221970,422,"Active"
"832","1831",39,7,182614,422,"Active"
"871","1870",57,8,191151,422,"Active"
"896","1895",45,7,197378,422,"Active"
"897","1896",45,8,189101,422,"Active"
"916","1915",52,7,185490,422,"Active"
"923","1922",56,7,188444,422,"Active"
"934","1933",49,8,195042,422,"Active"
"943","1942",50,9,223780,422,"Active"
"957","1956",57,8,198653,422,"Active"
"958","1957",45,9,212582,422,"Active"
"993","1992",46,9,222284,422,"Active"
"28","1027",49,6,159882,421,"Active"
"36","1035",36,7,168744,421,"Active"
"37","1036",41,6,133948,421,"Active"
"53","1052",49,6,165704,421,"Active"
"108","1107",51,6,149407,421,"Active"
"111","1110",52,8,176970,421,"Active"
"114","1113",46,7,162859,421,"Active"
"116","1115",51,7,170239,421,"Active"
"144","1143",48,6,146493,421,"Active"
"185","1184",43,7,139416,421,"Active"
"229","1228",41,8,172229,421,"Active"
"275","1274",49,6,150420,421,"Active"
"309","1308",48,6,147390,421,"Active"
"322","1321",40,6,158180,421,"Active"
"323","1322",45,7,159949,421,"Active"
"330","1329",51,7,158395,421,"Active"
"349","1348",58,7,176464,421,"Active"
"362","1361",55,7,166523,421,"Active"
"378","1377",58,7,177896,421,"Active"
"431","1430",48,7,166241,421,"Active"
"446","1445",38,6,170124,421,"Active"
"466","1465",36,7,167722,421,"Active"
"487","1486",40,7,171060,421,"Active"
"488","1487",43,6,134991,421,"Active"
"497","1496",39,7,164893,421,"Active"
"526","1525",48,7,144175,421,"Active"
"629","1628",64,6,146789,421,"Active"
"641","1640",41,7,171255,421,"Active"
"643","1642",43,6,143465,421,"Active"
"687","1686",48,6,128389,421,"Active"
"840","1839",40,7,172264,421,"Active"
"955","1954",45,6,139398,421,"Active"
"962","1961",46,7,168141,421,"Active"
"989","1988",54,7,157746,421,"Active"
"94","1093",62,3,76892,411,"Active"
"113","1112",54,5,152478,411,"Active"
"348","1347",47,5,134639,411,"Active"
"413","1412",47,4,103946,411,"Active"
"440","1439",59,4,92690,411,"Active"
"451","1450",41,5,150885,411,"Active"
"467","1466",59,5,114193,411,"Active"
"474","1473",40,5,129396,411,"Active"
"508","1507",37,5,113482,411,"Active"
"798","1797",43,4,104081,411,"Active"
"860","1859",62,5,143545,411,"Active"
"869","1868",45,3,75245,411,"Active"
"924","1923",37,5,118054,411,"Active"
"950","1949",42,5,120697,411,"Active"
"11","1010",71,16,392482,345,"Active"
"241","1240",66,15,384229,345,"Active"
"261","1260",82,14,359126,345,"Active"
"292","1291",86,13,331369,345,"Active"
"314","1313",79,15,382574,345,"Active"
"608","1607",87,15,360050,345,"Active"
"772","1771",66,15,365175,345,"Active"
"877","1876",83,14,346810,345,"Active"
"894","1893",86,13,336284,345,"Active"
"254","1253",73,12,327316,335,"Active"
"428","1427",78,12,320663,335,"Active"
"33","1032",87,11,280276,334,"Active"
"268","1267",93,12,288716,334,"Sleeping"
"315","1314",67,12,278673,334,"Active"
"471","1470",72,11,269100,334,"Active"
"478","1477",86,11,278614,334,"Active"
"496","1495",91,11,268924,334,"Active"
"702","1701",89,12,290889,334,"Active"
"927","1926",88,11,307429,334,"Active"
"77","1076",83,10,237313,333,"Active"
"89","1088",77,10,255950,333,"Active"
"112","1111",72,11,253279,333,"Active"
"143","1142",75,10,230695,333,"Active"
"158","1157",71,10,241843,333,"Active"
"167","1166",68,11,244747,333,"Active"
"220","1219",67,11,241101,333,"Active"
"298","1297",85,10,256407,333,"Active"
"389","1388",79,10,262164,333,"Active"
"418","1417",71,10,252957,333,"Active"
"468","1467",89,10,249503,333,"Active"
"518","1517",73,10,253972,333,"Active"
"571","1570",86,11,264853,333,"Active"
"600","1599",83,10,246203,333,"Active"
"696","1695",66,10,238966,333,"Active"
"900","1899",69,11,226846,333,"Active"
"963","1962",78,11,260177,333,"Active"
"9","1008",94,8,229840,323,"Sleeping"
"295","1294",93,9,237922,323,"Sleeping"
"360","1359",73,9,235337,323,"Active"
"634","1633",89,9,252968,323,"Active"
"944","1943",72,9,246042,323,"Active"
"7","1006",80,8,196858,322,"Active"
"14","1013",71,9,209303,322,"Active"
"157","1156",77,9,213641,322,"Active"
"260","1259",70,9,203529,322,"Active"
"299","1298",89,8,212212,322,"Active"
"300","1299",92,7,178378,322,"Sleeping"
"306","1305",74,9,215758,322,"Active"
"313","1312",69,8,196692,322,"Active"
"484","1483",75,9,220060,322,"Active"
"499","1498",77,9,214988,322,"Active"
"584","1583",68,8,182328,322,"Active"
"612","1611",75,8,189050,322,"Active"
"617","1616",88,8,179473,322,"Active"
"619","1618",67,9,186150,322,"Active"
"677","1676",69,8,187105,322,"Active"
"746","1745",69,7,178084,322,"Active"
"755","1754",86,8,196970,322,"Active"
"783","1782",83,9,204531,322,"Active"
"808","1807",75,9,216467,322,"Active"
"824","1823",74,8,186130,322,"Active"
"844","1843",78,8,209520,322,"Active"
"850","1849",66,7,184769,322,"Active"
"867","1866",68,8,220494,322,"Active"
"898","1897",79,8,196532,322,"Active"
"931","1930",74,9,220476,322,"Active"
"991","1990",75,8,222049,322,"Active"
"26","1025",85,7,162648,321,"Active"
"70","1069",82,6,158805,321,"Active"
"82","1081",75,7,152914,321,"Active"
"117","1116",76,6,151040,321,"Active"
"123","1122",78,7,165693,321,"Active"
"161","1160",68,7,173038,321,"Active"
"178","1177",72,8,174137,321,"Active"
"301","1300",67,7,170863,321,"Active"
"336","1335",78,6,168020,321,"Active"
"469","1468",84,7,166245,321,"Active"
"501","1500",69,8,176288,321,"Active"
"555","1554",73,6,150472,321,"Active"
"686","1685",83,6,148610,321,"Active"
"729","1728",90,7,161932,321,"Active"
"734","1733",76,7,156093,321,"Active"
"751","1750",89,6,152288,321,"Active"
"758","1757",81,8,174526,321,"Active"
"817","1816",74,6,168734,321,"Active"
"826","1825",92,6,124524,321,"Sleeping"
"920","1919",81,6,158242,321,"Active"
"965","1964",84,7,177556,321,"Active"
"970","1969",85,6,160755,321,"Active"
"999","1998",80,7,162157,321,"Active"
"45","1044",76,5,118485,311,"Active"
"147","1146",81,5,131981,311,"Active"
"156","1155",85,5,131903,311,"Active"
"183","1182",80,4,109069,311,"Active"
"247","1246",67,5,123615,311,"Active"
"285","1284",70,5,133193,311,"Active"
"312","1311",92,5,139769,311,"Sleeping"
"412","1411",72,5,115316,311,"Active"
"460","1459",74,4,88074,311,"Active"
"489","1488",74,5,134524,311,"Active"
"797","1796",92,5,130935,311,"Sleeping"
"975","1974",78,5,115726,311,"Active"
"994","1993",74,3,77797,311,"Active"
"219","1218",110,14,349769,245,"Sleeping"
"320","1319",114,13,346027,245,"Sleeping"
"520","1519",114,15,360716,245,"Sleeping"
"723","1722",104,14,386789,245,"Sleeping"
"884","1883",121,14,313996,244,"Sleeping"
"44","1043",110,10,265890,234,"Sleeping"
"115","1114",126,11,275734,234,"Sleeping"
"149","1148",99,11,280888,234,"Sleeping"
"375","1374",113,11,295357,234,"Sleeping"
"402","1401",105,12,304614,234,"Sleeping"
"595","1594",99,12,296543,234,"Sleeping"
"700","1699",105,12,302147,234,"Sleeping"
"785","1784",109,12,301333,234,"Sleeping"
"979","1978",102,11,291448,234,"Sleeping"
"12","1011",121,10,257174,233,"Sleeping"
"523","1522",109,10,241685,233,"Sleeping"
"633","1632",120,10,247314,233,"Sleeping"
"778","1777",110,10,224744,232,"Sleeping"
"128","1127",102,9,228845,223,"Sleeping"
"374","1373",112,9,230108,223,"Sleeping"
"421","1420",123,9,227234,223,"Sleeping"
"39","1038",121,8,197302,222,"Sleeping"
"59","1058",109,8,194382,222,"Sleeping"
"72","1071",103,7,185011,222,"Sleeping"
"213","1212",101,8,179987,222,"Sleeping"
"265","1264",111,8,203588,222,"Sleeping"
"414","1413",126,8,200363,222,"Sleeping"
"458","1457",97,8,197732,222,"Sleeping"
"505","1504",117,7,180513,222,"Sleeping"
"653","1652",119,7,182065,222,"Sleeping"
"683","1682",122,8,202103,222,"Sleeping"
"754","1753",111,9,209741,222,"Sleeping"
"782","1781",121,8,195927,222,"Sleeping"
"791","1790",104,7,186557,222,"Sleeping"
"831","1830",123,8,206919,222,"Sleeping"
"858","1857",131,7,184509,222,"Sleeping"
"915","1914",115,7,182216,222,"Sleeping"
"940","1939",108,9,194984,222,"Sleeping"
"973","1972",114,8,190905,222,"Sleeping"
"79","1078",100,6,135224,221,"Sleeping"
"141","1140",130,7,165950,221,"Sleeping"
"202","1201",126,7,159528,221,"Sleeping"
"235","1234",128,7,173898,221,"Sleeping"
"258","1257",113,7,173707,221,"Sleeping"
"259","1258",102,6,136769,221,"Sleeping"
"357","1356",120,6,173142,221,"Sleeping"
"409","1408",129,6,143982,221,"Sleeping"
"507","1506",95,7,169077,221,"Sleeping"
"515","1514",100,6,132805,221,"Sleeping"
"536","1535",105,6,154211,221,"Sleeping"
"622","1621",115,6,128781,221,"Sleeping"
"799","1798",132,7,169368,221,"Sleeping"
"828","1827",115,6,159248,221,"Sleeping"
"959","1958",132,6,166760,221,"Sleeping"
"4","1003",100,5,104998,211,"Sleeping"
"91","1090",112,5,135401,211,"Sleeping"
"129","1128",111,5,131864,211,"Sleeping"
"339","1338",121,5,124699,211,"Sleeping"
"344","1343",102,5,115267,211,"Sleeping"
"561","1560",122,5,129345,211,"Sleeping"
"573","1572",107,3,75596,211,"Sleeping"
"763","1762",97,5,111605,211,"Sleeping"
"823","1822",119,4,94568,211,"Sleeping"
"636","1635",149,15,343943,145,"Sleeping"
"908","1907",185,13,331072,145,"Inactive"
"64","1063",135,12,283149,134,"Sleeping"
"369","1368",145,11,278029,134,"Sleeping"
"564","1563",163,11,280612,134,"Sleeping"
"127","1126",145,10,261626,133,"Sleeping"
"651","1650",173,10,260942,133,"Sleeping"
"804","1803",187,10,262807,133,"Inactive"
"731","1730",175,10,213331,132,"Sleeping"
"109","1108",142,9,232107,123,"Sleeping"
"718","1717",162,9,237172,123,"Sleeping"
"438","1437",192,8,210544,122,"Inactive"
"525","1524",180,7,179142,122,"Sleeping"
"914","1913",177,8,185560,122,"Sleeping"
"937","1936",158,7,206076,122,"Sleeping"
"29","1028",137,6,125463,121,"Sleeping"
"34","1033",143,7,174252,121,"Sleeping"
"58","1057",151,7,164245,121,"Sleeping"
"226","1225",209,7,161587,121,"Inactive"
"233","1232",175,6,171194,121,"Sleeping"
"372","1371",134,6,164134,121,"Sleeping"
"480","1479",142,7,163005,121,"Sleeping"
"770","1769",178,6,139846,121,"Sleeping"
"928","1927",258,6,116358,121,"Inactive"
"49","1048",272,3,71705,111,"Inactive"
"271","1270",153,5,111245,111,"Sleeping"
"334","1333",191,5,111042,111,"Inactive"
"395","1394",134,3,67856,111,"Sleeping"
"492","1491",152,4,104528,111,"Sleeping"
"495","1494",152,3,66403,111,"Sleeping"
"547","1546",207,4,107536,111,"Inactive"
"551","1550",154,5,117884,111,"Sleeping"
"673","1672",196,4,97508,111,"Inactive"
"721","1720",138,2,44683,111,"Sleeping"
"806","1805",191,4,117328,111,"Inactive"
"874","1873",140,5,127622,111,"Sleeping"
